<?xml version="1.0" encoding="UTF-8"?>
<feature
      id="org.acmestudio.dependencies.feature"
      label="AcmeStudio Eclipse Dependencies"
      version="3.5.8.201501271104"
      provider-name="Carnegie Mellon University"
      colocation-affinity="org.acmestudio.feature">

   <description>
      Feature to package necessary Eclipse plug-ins for an executable
AcmeStudio deployment.
   </description>

   <copyright url="http://www.example.com/copyright">
      [Enter Copyright Description here.]
   </copyright>

   <license url="http://www.example.com/license">
      [Enter License Description here.]
   </license>

   <requires>
      <import plugin="com.ibm.icu"/>
      <import plugin="org.eclipse.osgi"/>
      <import plugin="org.eclipse.core.jobs"/>
      <import plugin="org.eclipse.osgi.services"/>
      <import plugin="javax.servlet"/>
      <import plugin="org.eclipse.equinox.http.servlet"/>
      <import plugin="org.mortbay.jetty.util"/>
      <import plugin="org.mortbay.jetty.server"/>
      <import plugin="javax.servlet.jsp"/>
      <import plugin="org.apache.commons.el"/>
      <import plugin="org.apache.commons.logging"/>
      <import plugin="org.apache.ant"/>
      <import plugin="org.eclipse.equinox.common"/>
      <import plugin="org.eclipse.equinox.registry"/>
      <import plugin="org.eclipse.equinox.jsp.jasper"/>
      <import plugin="org.apache.jasper"/>
      <import plugin="org.eclipse.equinox.preferences"/>
      <import plugin="org.slf4j.api"/>
      <import plugin="org.eclipse.ecf.identity"/>
      <import plugin="org.eclipse.equinox.concurrent"/>
      <import plugin="org.eclipse.ecf"/>
      <import plugin="org.eclipse.ecf.filetransfer"/>
      <import plugin="org.eclipse.core.net"/>
      <import plugin="org.eclipse.equinox.p2.core"/>
      <import plugin="org.eclipse.equinox.p2.metadata"/>
      <import plugin="org.eclipse.equinox.p2.repository"/>
      <import plugin="org.eclipse.equinox.security"/>
      <import plugin="org.eclipse.equinox.p2.metadata.repository"/>
      <import plugin="org.eclipse.equinox.http.jetty"/>
      <import plugin="org.eclipse.equinox.p2.jarprocessor"/>
      <import plugin="org.eclipse.equinox.simpleconfigurator"/>
      <import plugin="org.eclipse.equinox.p2.engine"/>
      <import plugin="org.eclipse.equinox.app"/>
      <import plugin="org.eclipse.equinox.p2.director"/>
      <import plugin="org.eclipse.equinox.p2.artifact.repository"/>
      <import plugin="org.eclipse.equinox.p2.touchpoint.eclipse"/>
      <import plugin="org.eclipse.equinox.p2.publisher"/>
      <import plugin="org.eclipse.equinox.p2.publisher.eclipse"/>
      <import plugin="org.eclipse.equinox.p2.directorywatcher"/>
      <import plugin="org.eclipse.equinox.frameworkadmin"/>
      <import plugin="org.eclipse.equinox.frameworkadmin.equinox"/>
      <import plugin="org.eclipse.equinox.simpleconfigurator.manipulator"/>
      <import plugin="org.eclipse.equinox.p2.extensionlocation"/>
      <import plugin="org.eclipse.core.runtime"/>
      <import plugin="org.eclipse.core.expressions"/>
      <import plugin="org.eclipse.equinox.p2.operations"/>
      <import plugin="org.eclipse.ui"/>
      <import plugin="org.eclipse.equinox.p2.ui"/>
      <import plugin="org.eclipse.equinox.p2.garbagecollector"/>
      <import plugin="org.eclipse.equinox.p2.updatechecker"/>
      <import plugin="org.sat4j.core"/>
      <import plugin="org.eclipse.equinox.util"/>
      <import plugin="org.eclipse.pde.core" version="3.3.0" match="compatible"/>
      <import plugin="org.eclipse.jdt.core" version="3.4.0" match="compatible"/>
      <import plugin="org.apache.commons.codec"/>
      <import plugin="org.eclipse.ecf.provider.filetransfer"/>
      <import plugin="org.apache.commons.httpclient"/>
      <import plugin="org.eclipse.ecf.provider.filetransfer.httpclient"/>
      <import plugin="org.eclipse.ui.browser"/>
   </requires>

   <plugin
         id="org.eclipse.ant.core"
         download-size="0"
         install-size="0"
         version="3.2.302.v20120110-1739"
         unpack="false"/>

   <plugin
         id="org.eclipse.compare"
         download-size="0"
         install-size="0"
         version="3.5.202.R37x_v20111109-0800"
         unpack="false"/>

   <plugin
         id="org.eclipse.core.resources"
         download-size="0"
         install-size="0"
         version="3.7.101.v20120125-1505"
         unpack="false"/>

   <plugin
         id="org.eclipse.core.runtime"
         download-size="0"
         install-size="0"
         version="3.7.0.v20110110"
         unpack="false"/>

   <plugin
         id="org.eclipse.core.variables"
         download-size="0"
         install-size="0"
         version="3.2.500.v20110928-1503"
         unpack="false"/>

   <plugin
         id="org.eclipse.jface"
         download-size="0"
         install-size="0"
         version="3.7.0.v20110928-1505"
         unpack="false"/>

   <plugin
         id="org.eclipse.jface.text"
         download-size="0"
         install-size="0"
         version="3.7.2.v20111213-1208"
         unpack="false"/>

   <plugin
         id="org.eclipse.osgi"
         download-size="0"
         install-size="0"
         version="3.7.2.v20120110-1415"
         unpack="false"/>

   <plugin
         id="org.eclipse.search"
         download-size="0"
         install-size="0"
         version="3.7.0.v20110928-1504"
         unpack="false"/>

   <plugin
         id="org.eclipse.swt"
         download-size="0"
         install-size="0"
         version="3.7.2.v3740f"
         unpack="false"/>

   <plugin
         id="org.eclipse.swt.win32.win32.x86"
         os="win32"
         ws="win32"
         arch="x86"
         download-size="0"
         install-size="0"
         version="0.0.0"
         fragment="true"
         unpack="false"/>

   <plugin
         id="org.eclipse.team.core"
         download-size="0"
         install-size="0"
         version="3.6.0.I20110525-0800"
         unpack="false"/>

   <plugin
         id="org.eclipse.team.cvs.core"
         download-size="0"
         install-size="0"
         version="3.3.400.I20110510-0800"
         unpack="false"/>

   <plugin
         id="org.eclipse.team.cvs.ssh2"
         download-size="0"
         install-size="0"
         version="3.2.300.I20110511-0800"
         unpack="false"/>

   <plugin
         id="org.eclipse.team.cvs.ui"
         download-size="0"
         install-size="0"
         version="3.3.401.v20120126-1227"
         unpack="false"/>

   <plugin
         id="org.eclipse.team.ui"
         download-size="0"
         install-size="0"
         version="3.6.101.R37x_v20111109-0800"
         unpack="false"/>

   <plugin
         id="org.eclipse.text"
         download-size="0"
         install-size="0"
         version="3.5.101.v20110928-1504"
         unpack="false"/>

   <plugin
         id="org.eclipse.ui.cheatsheets"
         download-size="0"
         install-size="0"
         version="3.4.100.v20110425"
         unpack="false"/>

   <plugin
         id="org.eclipse.ui.views"
         download-size="0"
         install-size="0"
         version="3.6.0.v20110928-1505"
         unpack="false"/>

   <plugin
         id="org.eclipse.ui.workbench"
         download-size="0"
         install-size="0"
         version="3.7.1.v20120104-1859"
         unpack="false"/>

   <plugin
         id="org.eclipse.core.commands"
         download-size="0"
         install-size="0"
         version="3.6.0.I20110111-0800"
         unpack="false"/>

   <plugin
         id="org.eclipse.core.expressions"
         download-size="0"
         install-size="0"
         version="3.4.300.v20110228"
         unpack="false"/>

   <plugin
         id="org.eclipse.core.filebuffers"
         download-size="0"
         install-size="0"
         version="3.5.200.v20110928-1504"
         unpack="false"/>

   <plugin
         id="org.eclipse.ui"
         download-size="0"
         install-size="0"
         version="3.7.0.v20110928-1505"
         unpack="false"/>

   <plugin
         id="org.eclipse.ui.console"
         download-size="0"
         install-size="0"
         version="3.5.100.v20111007_r372"
         unpack="false"/>

   <plugin
         id="org.eclipse.ui.editors"
         download-size="0"
         install-size="0"
         version="3.7.0.v20110928-1504"
         unpack="false"/>

   <plugin
         id="org.eclipse.ui.ide"
         download-size="0"
         install-size="0"
         version="3.7.0.v20110928-1505"
         unpack="false"/>

   <plugin
         id="org.eclipse.ui.win32"
         ws="win32"
         download-size="0"
         install-size="0"
         version="0.0.0"
         fragment="true"
         unpack="false"/>

   <plugin
         id="org.eclipse.ui.workbench.texteditor"
         download-size="0"
         install-size="0"
         version="3.7.0.v20110928-1504"
         unpack="false"/>

   <plugin
         id="org.eclipse.ui.carbon"
         ws="carbon"
         download-size="0"
         install-size="0"
         version="0.0.0"
         fragment="true"
         unpack="false"/>

   <plugin
         id="org.eclipse.swt.gtk.linux.x86"
         os="linux"
         ws="gtk"
         arch="x86"
         download-size="0"
         install-size="0"
         version="0.0.0"
         fragment="true"
         unpack="false"/>

   <plugin
         id="org.eclipse.draw2d"
         download-size="0"
         install-size="0"
         version="3.7.2.v20111017-2020"
         unpack="false"/>

   <plugin
         id="org.eclipse.core.filesystem"
         download-size="0"
         install-size="0"
         version="1.3.100.v20110423-0524"
         unpack="false"/>

   <plugin
         id="org.eclipse.core.filesystem.win32.x86"
         os="win32"
         arch="x86"
         download-size="0"
         install-size="0"
         version="0.0.0"
         fragment="true"
         unpack="false"/>

   <plugin
         id="org.eclipse.jface.databinding"
         download-size="0"
         install-size="0"
         version="1.5.0.I20100907-0800"
         unpack="false"/>

   <plugin
         id="org.eclipse.ui.views.properties.tabbed"
         download-size="0"
         install-size="0"
         version="3.5.200.v20110928-1505"
         unpack="false"/>

   <plugin
         id="org.eclipse.ui.workbench.compatibility"
         download-size="0"
         install-size="0"
         version="3.2.100.I20110413-1600"
         fragment="true"/>

   <plugin
         id="org.eclipse.ui.presentations.r21"
         download-size="0"
         install-size="0"
         version="3.2.200.I20100517-1500"
         unpack="false"/>

   <plugin
         id="org.eclipse.core.contenttype"
         download-size="0"
         install-size="0"
         version="3.4.100.v20110423-0524"
         unpack="false"/>

   <plugin
         id="org.eclipse.core.jobs"
         download-size="0"
         install-size="0"
         version="3.5.101.v20120113-1953"
         unpack="false"/>

   <plugin
         id="org.eclipse.equinox.preferences"
         download-size="0"
         install-size="0"
         version="3.4.2.v20120111-2020"
         unpack="false"/>

   <plugin
         id="org.eclipse.equinox.registry"
         download-size="0"
         install-size="0"
         version="3.5.101.R37x_v20110810-1611"
         unpack="false"/>

   <plugin
         id="org.eclipse.platform.doc.user"
         download-size="0"
         install-size="0"
         version="3.7.1.r372_v20111202"
         unpack="false"/>

   <plugin
         id="org.eclipse.ltk.core.refactoring"
         download-size="0"
         install-size="0"
         version="3.5.201.r372_v20111101-0700"
         unpack="false"/>

   <plugin
         id="org.eclipse.ltk.ui.refactoring"
         download-size="0"
         install-size="0"
         version="3.6.0.v20110928-1453"
         unpack="false"/>

   <plugin
         id="org.eclipse.equinox.common"
         download-size="0"
         install-size="0"
         version="3.6.0.v20110523"
         unpack="false"/>

   <plugin
         id="com.ibm.icu"
         download-size="0"
         install-size="0"
         version="4.4.2.v20110823"
         unpack="false"/>

   <plugin
         id="org.eclipse.ui.navigator"
         download-size="0"
         install-size="0"
         version="3.5.101.v20120106-1355"
         unpack="false"/>

   <plugin
         id="org.eclipse.ui.navigator.resources"
         download-size="0"
         install-size="0"
         version="3.4.300.v20110928-1505"
         unpack="false"/>

   <plugin
         id="org.eclipse.gef"
         download-size="0"
         install-size="0"
         version="3.7.2.v20111106-2020"
         unpack="false"/>

   <plugin
         id="com.jcraft.jsch"
         download-size="0"
         install-size="0"
         version="0.1.44.v201101211721"
         unpack="false"/>

   <plugin
         id="org.eclipse.ui.intro"
         download-size="0"
         install-size="0"
         version="3.4.100.v20110425"
         unpack="false"/>

   <plugin
         id="org.eclipse.ui.intro.universal"
         download-size="0"
         install-size="0"
         version="3.2.500.v20110510"/>

   <plugin
         id="org.eclipse.swt.carbon.macosx"
         os="macosx"
         ws="carbon"
         download-size="0"
         install-size="0"
         version="0.0.0"
         fragment="true"
         unpack="false"/>

   <plugin
         id="org.eclipse.core.filesystem.macosx"
         os="macosx"
         download-size="0"
         install-size="0"
         version="1.3.0.v20110423-0524"
         fragment="true"
         unpack="false"/>

   <plugin
         id="org.eclipse.core.filesystem.linux.x86"
         os="linux"
         arch="x86"
         download-size="0"
         install-size="0"
         version="0.0.0"
         fragment="true"
         unpack="false"/>

   <plugin
         id="org.eclipse.platform"
         download-size="0"
         install-size="0"
         version="3.7.2.v201202080800"/>

   <plugin
         id="org.eclipse.core.databinding"
         download-size="0"
         install-size="0"
         version="1.4.0.I20110111-0800"
         unpack="false"/>

   <plugin
         id="org.eclipse.core.net"
         download-size="0"
         install-size="0"
         version="1.2.100.I20110511-0800"
         unpack="false"/>

   <plugin
         id="org.eclipse.equinox.app"
         download-size="0"
         install-size="0"
         version="1.3.100.v20110321"
         unpack="false"/>

   <plugin
         id="org.eclipse.ui.ide.application"
         download-size="0"
         install-size="0"
         version="1.0.300.I20110306-2000"
         unpack="false"/>

   <plugin
         id="javax.servlet"
         download-size="0"
         install-size="0"
         version="2.5.0.v201103041518"
         unpack="false"/>

   <plugin
         id="org.apache.commons.logging"
         download-size="0"
         install-size="0"
         version="1.0.4.v201101211617"
         unpack="false"/>

   <plugin
         id="org.eclipse.equinox.http.jetty"
         download-size="0"
         install-size="0"
         version="2.0.100.v20110502"
         unpack="false"/>

   <plugin
         id="org.eclipse.equinox.http.servlet"
         download-size="0"
         install-size="0"
         version="1.1.200.v20110502"
         unpack="false"/>

   <plugin
         id="org.eclipse.osgi.services"
         download-size="0"
         install-size="0"
         version="3.3.0.v20110513"
         unpack="false"/>

   <plugin
         id="org.eclipse.equinox.launcher"
         download-size="0"
         install-size="0"
         version="1.2.0.v20110502"
         unpack="false"/>

   <plugin
         id="org.eclipse.equinox.launcher.win32.win32.x86"
         os="win32"
         ws="win32"
         arch="x86"
         download-size="0"
         install-size="0"
         version="0.0.0"
         fragment="true"/>

   <plugin
         id="org.eclipse.ui.net"
         download-size="0"
         install-size="0"
         version="1.2.100.v20111208-1155"
         unpack="false"/>

   <plugin
         id="org.apache.lucene"
         download-size="0"
         install-size="0"
         version="2.9.1.v201101211721"
         unpack="false"/>

   <plugin
         id="org.apache.lucene.analysis"
         download-size="0"
         install-size="0"
         version="2.9.1.v201101211721"
         unpack="false"/>

   <plugin
         id="org.eclipse.jsch.core"
         download-size="0"
         install-size="0"
         version="1.1.300.I20110514-0800"
         unpack="false"/>

   <plugin
         id="org.apache.jasper"
         download-size="0"
         install-size="0"
         version="5.5.17.v201101211617"
         unpack="false"/>

   <plugin
         id="org.eclipse.equinox.http.registry"
         download-size="0"
         install-size="0"
         version="1.1.100.v20110502"
         unpack="false"/>

   <plugin
         id="org.eclipse.equinox.jsp.jasper.registry"
         download-size="0"
         install-size="0"
         version="1.0.200.v20100503"
         unpack="false"/>

   <plugin
         id="javax.servlet.jsp"
         download-size="0"
         install-size="0"
         version="2.0.0.v201101211617"
         unpack="false"/>

   <plugin
         id="org.eclipse.equinox.jsp.jasper"
         download-size="0"
         install-size="0"
         version="1.0.300.v20110502"
         unpack="false"/>

   <plugin
         id="org.apache.commons.el"
         download-size="0"
         install-size="0"
         version="1.0.0.v201101211617"
         unpack="false"/>

   <plugin
         id="org.eclipse.equinox.launcher.carbon.macosx"
         os="macosx"
         ws="carbon"
         download-size="0"
         install-size="0"
         version="0.0.0"
         fragment="true"/>

   <plugin
         id="org.eclipse.equinox.security"
         download-size="0"
         install-size="0"
         version="1.1.1.R37x_v20110822-1018"
         unpack="false"/>

   <plugin
         id="org.eclipse.ui.views.log"
         download-size="0"
         install-size="0"
         version="1.0.200.v20110404"
         unpack="false"/>

   <plugin
         id="org.eclipse.core.net.win32.x86"
         os="win32"
         arch="x86"
         download-size="0"
         install-size="0"
         version="0.0.0"
         fragment="true"
         unpack="false"/>

   <plugin
         id="org.eclipse.equinox.security.win32.x86"
         os="win32"
         arch="x86"
         download-size="0"
         install-size="0"
         version="0.0.0"
         fragment="true"
         unpack="false"/>

   <plugin
         id="org.eclipse.core.resources.win32.x86"
         os="win32"
         arch="x86"
         download-size="0"
         install-size="0"
         version="0.0.0"
         fragment="true"
         unpack="false"/>

   <plugin
         id="org.eclipse.core.net.linux.x86"
         os="linux"
         arch="x86"
         download-size="0"
         install-size="0"
         version="0.0.0"
         fragment="true"
         unpack="false"/>

   <plugin
         id="org.eclipse.equinox.launcher.gtk.linux.x86"
         os="linux"
         ws="gtk"
         arch="x86"
         download-size="0"
         install-size="0"
         version="0.0.0"
         fragment="true"/>

   <plugin
         id="org.mortbay.jetty.util"
         download-size="0"
         install-size="0"
         version="6.1.23.v201012071420"
         unpack="false"/>

   <plugin
         id="org.mortbay.jetty.server"
         download-size="0"
         install-size="0"
         version="6.1.23.v201012071420"
         unpack="false"/>

   <plugin
         id="org.eclipse.compare.core"
         download-size="0"
         install-size="0"
         version="3.5.200.I20110208-0800"
         unpack="false"/>

   <plugin
         id="org.eclipse.core.databinding.observable"
         download-size="0"
         install-size="0"
         version="1.4.0.I20110222-0800"
         unpack="false"/>

   <plugin
         id="org.eclipse.core.databinding.property"
         download-size="0"
         install-size="0"
         version="1.4.0.I20110222-0800"
         unpack="false"/>

   <plugin
         id="org.eclipse.ecf"
         download-size="0"
         install-size="0"
         version="3.1.300.v20110531-2218"
         unpack="false"/>

   <plugin
         id="org.eclipse.ecf.filetransfer"
         download-size="0"
         install-size="0"
         version="5.0.0.v20110531-2218"
         unpack="false"/>

   <plugin
         id="org.eclipse.ecf.identity"
         download-size="0"
         install-size="0"
         version="3.1.100.v20110531-2218"
         unpack="false"/>

   <plugin
         id="org.eclipse.ecf.provider.filetransfer"
         download-size="0"
         install-size="0"
         version="3.2.0.v20110531-2218"
         unpack="false"/>

   <plugin
         id="org.eclipse.ecf.provider.filetransfer.ssl"
         download-size="0"
         install-size="0"
         version="1.0.0.v20110531-2218"
         fragment="true"
         unpack="false"/>

   <plugin
         id="org.eclipse.equinox.concurrent"
         download-size="0"
         install-size="0"
         version="1.0.200.v20110502"
         unpack="false"/>

   <plugin
         id="org.eclipse.equinox.p2.core"
         download-size="0"
         install-size="0"
         version="2.1.1.v20120113-1346"
         unpack="false"/>

   <plugin
         id="org.eclipse.equinox.p2.metadata"
         download-size="0"
         install-size="0"
         version="2.1.0.v20110815-1419"
         unpack="false"/>

   <plugin
         id="org.eclipse.equinox.p2.metadata.repository"
         download-size="0"
         install-size="0"
         version="1.2.0.v20110815-1419"
         unpack="false"/>

   <plugin
         id="org.eclipse.equinox.p2.repository"
         download-size="0"
         install-size="0"
         version="2.1.1.v20120113-1346"
         unpack="false"/>

   <plugin
         id="org.eclipse.ui.forms"
         download-size="0"
         install-size="0"
         version="3.5.101.v20111011-1919"
         unpack="false"/>

   <plugin
         id="org.eclipse.equinox.p2.engine"
         download-size="0"
         install-size="0"
         version="2.1.1.R37x_v20111003"
         unpack="false"/>

   <plugin
         id="org.apache.lucene.highlighter"
         download-size="0"
         install-size="0"
         version="2.9.1.v20100421-0704"
         unpack="false"/>

   <plugin
         id="org.apache.lucene.memory"
         download-size="0"
         install-size="0"
         version="2.9.1.v20100421-0704"
         unpack="false"/>

   <plugin
         id="org.apache.lucene.misc"
         download-size="0"
         install-size="0"
         version="2.9.1.v20100421-0704"
         unpack="false"/>

   <plugin
         id="org.apache.lucene.queries"
         download-size="0"
         install-size="0"
         version="2.9.1.v20100421-0704"
         unpack="false"/>

   <plugin
         id="org.apache.lucene.snowball"
         download-size="0"
         install-size="0"
         version="2.9.1.v20100421-0704"
         unpack="false"/>

   <plugin
         id="org.apache.lucene.spellchecker"
         download-size="0"
         install-size="0"
         version="2.9.1.v20100421-0704"
         unpack="false"/>

   <plugin
         id="org.eclipse.ecf.ssl"
         download-size="0"
         install-size="0"
         version="1.0.100.v20110531-2218"
         fragment="true"
         unpack="false"/>

   <plugin
         id="org.apache.lucene.core"
         download-size="0"
         install-size="0"
         version="2.9.1.v201101211721"
         unpack="false"/>

   <plugin
         id="org.eclipse.help"
         download-size="0"
         install-size="0"
         version="3.5.100.v20110426"
         unpack="false"/>

   <plugin
         id="org.eclipse.help.base"
         download-size="0"
         install-size="0"
         version="3.6.2.v201202080800"
         unpack="false"/>

   <plugin
         id="org.eclipse.help.ui"
         download-size="0"
         install-size="0"
         version="3.5.101.r37_20110819"
         unpack="false"/>

   <plugin
         id="org.eclipse.help.webapp"
         download-size="0"
         install-size="0"
         version="3.6.1.r37_20110929"
         unpack="false"/>

   <plugin
         id="org.apache.ant"
         download-size="0"
         install-size="0"
         version="1.8.2.v20120109-1030"/>

   <plugin
         id="org.eclipse.equinox.p2.artifact.repository"
         download-size="0"
         install-size="0"
         version="1.1.101.v20110815-1419"
         unpack="false"/>

   <plugin
         id="org.eclipse.equinox.p2.director"
         download-size="0"
         install-size="0"
         version="2.1.1.v20111126-0211"
         unpack="false"/>

   <plugin
         id="org.eclipse.equinox.p2.director.app"
         download-size="0"
         install-size="0"
         version="1.0.300.v20111126-0153"
         unpack="false"/>

   <plugin
         id="org.eclipse.equinox.p2.directorywatcher"
         download-size="0"
         install-size="0"
         version="1.0.300.v20110815-1419"
         unpack="false"/>

   <plugin
         id="org.eclipse.equinox.p2.extensionlocation"
         download-size="0"
         install-size="0"
         version="1.2.100.v20110815-1419"
         unpack="false"/>

   <plugin
         id="org.eclipse.equinox.p2.garbagecollector"
         download-size="0"
         install-size="0"
         version="1.0.200.v20110815-1419"
         unpack="false"/>

   <plugin
         id="org.eclipse.equinox.p2.jarprocessor"
         download-size="0"
         install-size="0"
         version="1.0.200.v20110815-1438"
         unpack="false"/>

   <plugin
         id="org.eclipse.equinox.p2.operations"
         download-size="0"
         install-size="0"
         version="2.1.1.R37x_v20111111"
         unpack="false"/>

   <plugin
         id="org.eclipse.equinox.p2.publisher"
         download-size="0"
         install-size="0"
         version="1.2.0.v20110815-1419"
         unpack="false"/>

   <plugin
         id="org.eclipse.equinox.p2.publisher.eclipse"
         download-size="0"
         install-size="0"
         version="1.0.0.v20110815-1438"/>

   <plugin
         id="org.eclipse.equinox.p2.ql"
         download-size="0"
         install-size="0"
         version="2.0.100.v20110815-1419"
         unpack="false"/>

   <plugin
         id="org.eclipse.equinox.p2.reconciler.dropins"
         download-size="0"
         install-size="0"
         version="1.1.100.v20110815-1419"
         unpack="false"/>

   <plugin
         id="org.eclipse.equinox.p2.repository.tools"
         download-size="0"
         install-size="0"
         version="2.0.100.v20110815-1438"
         unpack="false"/>

   <plugin
         id="org.eclipse.equinox.p2.ui"
         download-size="0"
         install-size="0"
         version="2.1.1.v20120113-1346"
         unpack="false"/>

   <plugin
         id="org.eclipse.equinox.p2.ui.importexport"
         download-size="0"
         install-size="0"
         version="1.0.1.R37x_v20111103"
         unpack="false"/>

   <plugin
         id="org.eclipse.equinox.p2.updatechecker"
         download-size="0"
         install-size="0"
         version="1.1.200.v20110815-1419"
         unpack="false"/>

   <plugin
         id="org.eclipse.equinox.p2.updatesite"
         download-size="0"
         install-size="0"
         version="1.0.300.v20110815-1419"
         unpack="false"/>

   <plugin
         id="org.eclipse.equinox.frameworkadmin"
         download-size="0"
         install-size="0"
         version="2.0.0.v20110815-1438"
         unpack="false"/>

   <plugin
         id="org.eclipse.equinox.frameworkadmin.equinox"
         download-size="0"
         install-size="0"
         version="1.0.300.v20110815-1438"
         unpack="false"/>

   <plugin
         id="org.eclipse.equinox.p2.console"
         download-size="0"
         install-size="0"
         version="1.0.300.v20110815-1419"
         unpack="false"/>

   <plugin
         id="org.eclipse.equinox.p2.touchpoint.eclipse"
         download-size="0"
         install-size="0"
         version="2.1.1.v20110815-1419"
         unpack="false"/>

   <plugin
         id="org.eclipse.equinox.p2.touchpoint.natives"
         download-size="0"
         install-size="0"
         version="1.0.300.v20110815-1419"
         unpack="false"/>

   <plugin
         id="org.eclipse.equinox.p2.ui.sdk"
         download-size="0"
         install-size="0"
         version="1.0.200.v20110815-1419"
         unpack="false"/>

   <plugin
         id="org.eclipse.equinox.p2.ui.sdk.scheduler"
         download-size="0"
         install-size="0"
         version="1.0.100.v20110815-1419"
         unpack="false"/>

   <plugin
         id="org.eclipse.equinox.security.ui"
         download-size="0"
         install-size="0"
         version="1.1.0.v20101004"
         unpack="false"/>

   <plugin
         id="org.eclipse.equinox.simpleconfigurator"
         download-size="0"
         install-size="0"
         version="1.0.200.v20110815-1438"
         unpack="false"/>

   <plugin
         id="org.eclipse.equinox.simpleconfigurator.manipulator"
         download-size="0"
         install-size="0"
         version="2.0.0.v20110815-1438"
         unpack="false"/>

   <plugin
         id="org.sat4j.core"
         download-size="0"
         install-size="0"
         version="2.3.0.v20110329"
         unpack="false"/>

   <plugin
         id="org.sat4j.pb"
         download-size="0"
         install-size="0"
         version="2.3.0.v20110329"
         unpack="false"/>

   <plugin
         id="org.eclipse.equinox.ds"
         download-size="0"
         install-size="0"
         version="1.3.1.R37x_v20110701"
         unpack="false"/>

   <plugin
         id="org.eclipse.pde.ds.core"
         download-size="0"
         install-size="0"
         version="1.0.100.v20100601"
         unpack="false"/>

   <plugin
         id="javax.xml"
         download-size="0"
         install-size="0"
         version="1.3.4.v201005080400"
         unpack="false"/>

   <plugin
         id="org.apache.commons.codec"
         download-size="0"
         install-size="0"
         version="1.3.0.v201101211617"
         unpack="false"/>

   <plugin
         id="org.apache.commons.httpclient"
         download-size="0"
         install-size="0"
         version="3.1.0.v201012070820"
         unpack="false"/>

   <plugin
         id="org.apache.xerces"
         download-size="0"
         install-size="0"
         version="2.9.0.v201101211617"
         unpack="false"/>

   <plugin
         id="org.apache.xml.resolver"
         download-size="0"
         install-size="0"
         version="1.2.0.v201005080400"
         unpack="false"/>

   <plugin
         id="org.apache.xml.serializer"
         download-size="0"
         install-size="0"
         version="2.7.1.v201005080400"
         unpack="false"/>

   <plugin
         id="org.eclipse.core.runtime.compatibility"
         download-size="0"
         install-size="0"
         version="3.2.100.v20100505"
         unpack="false"/>

   <plugin
         id="org.eclipse.core.runtime.compatibility.auth"
         download-size="0"
         install-size="0"
         version="3.2.200.v20110110"
         unpack="false"/>

   <plugin
         id="org.eclipse.core.runtime.compatibility.registry"
         download-size="0"
         install-size="0"
         version="3.5.0.v20110505"
         fragment="true"/>

   <plugin
         id="org.eclipse.ecf.provider.filetransfer.httpclient"
         download-size="0"
         install-size="0"
         version="4.0.0.v20110531-2218"
         unpack="false"/>

   <plugin
         id="org.eclipse.ecf.provider.filetransfer.httpclient.ssl"
         download-size="0"
         install-size="0"
         version="1.0.0.v20110531-2218"
         fragment="true"
         unpack="false"/>

   <plugin
         id="org.eclipse.equinox.p2.transport.ecf"
         download-size="0"
         install-size="0"
         version="1.0.0.v20111128-0624"
         unpack="false"/>

   <plugin
         id="org.eclipse.equinox.util"
         download-size="0"
         install-size="0"
         version="1.0.300.v20110502"
         unpack="false"/>

   <plugin
         id="org.eclipse.ui.browser"
         download-size="0"
         install-size="0"
         version="3.3.101.v20111019-1723"
         unpack="false"/>

   <plugin
         id="org.eclipse.update.configurator"
         download-size="0"
         install-size="0"
         version="3.3.100.v20100512"
         unpack="false"/>

   <plugin
         id="org.eclipse.equinox.launcher.cocoa.macosx.x86_64"
         download-size="0"
         install-size="0"
         version="1.1.101.v20120109-1504"
         fragment="true"/>

   <plugin
         id="org.eclipse.core.boot"
         download-size="0"
         install-size="0"
         version="3.1.200.v20100505"
         unpack="false"/>

   <plugin
         id="org.eclipse.swt.cocoa.macosx.x86_64"
         download-size="0"
         install-size="0"
         version="3.7.2.v3740f"
         fragment="true"
         unpack="false"/>

   <plugin
         id="org.eclipse.equinox.security.macosx"
         download-size="0"
         install-size="0"
         version="1.100.100.v20100503"
         fragment="true"
         unpack="false"/>

   <plugin
         id="org.eclipse.equinox.p2.ui.discovery"
         download-size="0"
         install-size="0"
         version="1.0.0.v20110502-1955"
         unpack="false"/>

   <plugin
         id="org.eclipse.equinox.p2.discovery"
         download-size="0"
         install-size="0"
         version="1.0.100.v20110502-1955"
         unpack="false"/>

   <plugin
         id="org.eclipse.equinox.event"
         download-size="0"
         install-size="0"
         version="1.2.100.v20110502"
         unpack="false"/>

   <plugin
         id="org.eclipse.ui.cocoa"
         download-size="0"
         install-size="0"
         version="1.1.0.I20101109-0800"
         fragment="true"
         unpack="false"/>

</feature>
