<?xml version="1.0" encoding="UTF-8"?>
<feature
      id="org.acmestudio.feature"
      label="AcmeStudio Workbench"
      version="3.5.8.201501271104"
      provider-name="Carnegie Mellon University"
      plugin="org.acmestudio.ui">

   <description url="www.acmestudio.org">
      AcmeStudio is a customizable editing environment and visualization tool for software architectural designs based on the Acme architectural description language (ADL). With AcmeStudio, you can define new Acme families and customize the environment to work with those families by defining diagram styles. AcmeStudio is an adaptable front-end that may be used in a variety of modeling and analysis applications.
           
      AcmeStudio is implemented as a plugin for Eclipse environment, an open source Java Integrated Development Environment. Eclipse provides a plugin-environment allowing easy extensions of AcmeStudio with new analyses and functionality, and customization of new architectural environments tailored to a particular organization.
   </description>

   <copyright>
      Copyright (C) 1998-2010, ABLE Group, Carnegie Mellon University.
   </copyright>

   <license url="license.html">
      30th January, 2003

Carnegie Mellon University (hereafter referred to as &quot;LICENSOR&quot;),
a non-profit Pennsylvania Corporation located at

5000 Forbes Avenue
Pittsburgh, PA 15213

agrees to provide the installer, hereinafter referred to as &quot;LICENSEE&quot;,
the following software:

The Carnegie Mellon Acme Tool Developer&apos;s Library (AcmeLib and AcmeStudio) hereinafter referred to as the &quot;LICENSED SOFTWARE&quot;.

The LICENSOR hereby grants LICENSEE a license to use and copy the LICENSED SOFTWARE on or in connection with operation of any computer system owned or operated by it.  In addition, the recipient shall have the right to modify or merge the software to form updated works.

The LICENSEE acquires no ownership right, title, or interest in the LICENSED SOFTWARE materials provided by LICENSOR or any copyrights for the LICENSED SOFTWARE and documentation through this license.

This license is subject to LICENSEE&apos;s agreement to the following terms and conditions:

1. The LICENSEE shall refrain from disclosing the LICENSED SOFTWARE in any form, to unlicensed third parties, without prior written authorization from LICENSOR. The LICENSEE may redistribute all or a portion of the LICENSED SOFTWARE and any modifications to any third party already licensed for it by LICENSOR.  The LICENSEE agrees to inform LICENSOR in writing of any redistribution.

2. LICENSEE may in its sole discretion modify, enhance, change, supplement, merge or prepare derivative works based on the LICENSED SOFTWARE or the technology and inventions underlying the LICENSED SOFTWARE (collectively, &quot;Licensee Modifications&quot;) in any manner it deems appropriate. All such Licensee Modifications shall be owned solely by LICENSEE, and LICENSOR claims no ownership interest in any portion of any LICENSEE Modification. If the LICENSEE develops any enhancements to the software which materially improves its operation, LICENSEE agrees to make such enhancements available to LICENSOR without charge and to allow LICENSOR to redistribute such modifications. LICENSOR agrees to withold from redistribution, and otherwise except from the provisions of this article, those enhancements which are device or product specific or that may represent new intellectual content that is not derived from the LICENSED SOFTWARE, at the written request of the LICENSEE.

3. LICENSEE agrees that any information, materials or services furnished by LICENSOR under this agreement are provided on an &quot;as is&quot; basis. LICENSOR MAKES NO WARRANTIES OF ANY KIND, EITHER EXPRESSED OR IMPLIED, AS TO ANY MATTER INCLUDING, BUT NOT LIMITED TO, WARRANTY OF FITNESS OF PURPOSE, OR MERCHANTABILITY, OR RESULTS OBTAINED FROM LICENSEE&apos;S USE OF THE LICENSED SOFTWARE, NOR SHALL EITHER PARTY HERETO BE LIABLE TO THE OTHER FOR INDIRECT, SPECIAL, OR CONSEQUENTIAL DAMAGES SUCH AS LOSS OF PROFITS OR INABILITY TO USE THE LICENSED SOFTWARE OR ANY APPLICATIONS OR DERIVATIONS THEREOF.

4. LICENSEE indemnifies and saves LICENSOR harmless against all liability and attorney fees and costs in defending against third party claims or threats of claims against LICENSOR arising out of the LICENSEE&apos;s use of the LICENSED SOFTWARE.

5. LICENSEE shall reproduce and include LICENSOR&apos;s copyright notice on any copies of the LICENSED SOFTWARE and applications and derivations thereof.

6. The LICENSEE agrees to acknowledge LICENSOR in appropriate citations appearing in scholarly literature when reference is made to the software provided above.

7. LICENSEE agrees to do all things necessary to comply with the Regulations of the United States Department of Commerce relating to the Export of Technical Data, insofar as they relate to the LICENSED SOFTWARE, and to obtain the required government documents and approvals prior to the export of any technical data disclosed or the direct product related thereto.

8. As regards this Agreement, the LICENSEE agrees to be bound by the laws of the Commonwealth of Pennsylvania.  Any dispute or claim arising out of or relating to this Agreement will be settled by arbitration in Pittsburgh, Pennsylvania in accordance with the Rules of the American Arbitration Association and judgement upon the award rendered by the arbitrator(s) may be entered in any court having jurisdiction.

Installation of this software constitutes a concurrence on the part of the LICENSEE with the terms and conditions set forth above.
   </license>

   <url>
      <update label="AcmeStudio Release Update Site" url="http://acme.able.cs.cmu.edu/acmeweb/release/update/3.5"/>
   </url>

   <requires>
      <import plugin="org.eclipse.core.runtime" version="3.2.0" match="greaterOrEqual"/>
      <import plugin="org.acmestudio.acme"/>
      <import plugin="org.acmestudio.basicmodel"/>
      <import plugin="org.acmestudio.ui"/>
      <import plugin="org.eclipse.core.resources"/>
      <import plugin="org.eclipse.ui" version="3.3.0" match="greaterOrEqual"/>
      <import plugin="org.acmestudio.armani"/>
      <import plugin="org.eclipse.ui.views" version="3.2.0" match="greaterOrEqual"/>
      <import plugin="org.acmestudio.eclipse.core"/>
      <import plugin="org.eclipse.draw2d"/>
      <import plugin="org.eclipse.osgi.services"/>
      <import plugin="org.eclipse.ui.ide"/>
      <import plugin="org.eclipse.jface.text"/>
      <import plugin="org.eclipse.ui.editors"/>
      <import plugin="org.eclipse.gef" version="3.4.0" match="greaterOrEqual"/>
      <import plugin="org.eclipse.ui.workbench.texteditor"/>
      <import plugin="org.acmestudio.acme.core.userdata"/>
      <import plugin="org.eclipse.ui.intro"/>
      <import plugin="org.acmestudio.ui.fromgmf"/>
      <import plugin="org.acmestudio.ui.property.tabbed"/>
      <import plugin="org.eclipse.core.expressions" version="3.4.0" match="greaterOrEqual"/>
      <import plugin="org.eclipse.help"/>
      <import plugin="org.eclipse.ui.views.properties.tabbed"/>
      <import plugin="org.acmestudio.armani.editor"/>
      <import plugin="org.eclipse.ui.forms" version="3.4.1" match="greaterOrEqual"/>
      <import plugin="com.ibm.icu"/>
   </requires>

   <plugin
         id="org.acmestudio.ui.splashscreen"
         download-size="0"
         install-size="0"
         version="3.5.8.201501271104"
         unpack="false"/>

   <plugin
         id="org.acmestudio.ui"
         download-size="0"
         install-size="0"
         version="3.5.8.201501271104"
         unpack="false"/>

   <plugin
         id="org.acmestudio.help"
         download-size="0"
         install-size="0"
         version="3.5.8.201501271104"/>

   <plugin
         id="org.acmestudio.armani.editor"
         download-size="0"
         install-size="0"
         version="3.5.8.201501271104"
         unpack="false"/>

   <plugin
         id="org.acmestudio.ui.legend"
         download-size="0"
         install-size="0"
         version="3.5.8.201501271104"
         unpack="false"/>

   <plugin
         id="org.acmestudio.ui.editor.diagram.assistants"
         download-size="0"
         install-size="0"
         version="3.5.8.201501271104"
         unpack="false"/>

   <plugin
         id="org.acmestudio.diagram.annotation"
         download-size="0"
         install-size="0"
         version="3.5.8.201501271104"
         unpack="false"/>

   <plugin
         id="org.acmestudio.eclipse.core"
         download-size="0"
         install-size="0"
         version="3.5.8.201501271104"
         unpack="false"/>

   <plugin
         id="org.acmestudio.ui.fromgmf"
         download-size="0"
         install-size="0"
         version="3.5.8.201501271104"
         unpack="false"/>

   <plugin
         id="org.acmestudio.ui.groups"
         download-size="0"
         install-size="0"
         version="3.5.8.201501271104"
         unpack="false"/>

   <plugin
         id="org.acmestudio.ui.property.tabbed"
         download-size="0"
         install-size="0"
         version="3.5.8.201501271104"
         unpack="false"/>

   <plugin
         id="org.acmestudio.armani.adapter"
         download-size="0"
         install-size="0"
         version="3.5.8.201501271104"
         unpack="false"/>

   <plugin
         id="org.acmestudio.acme"
         download-size="0"
         install-size="0"
         version="3.5.8.201501271104"
         unpack="false"/>

   <plugin
         id="org.acmestudio.acme.core.userdata"
         download-size="0"
         install-size="0"
         version="3.5.8.201501271104"
         unpack="false"/>

   <plugin
         id="org.acmestudio.acme.family"
         download-size="0"
         install-size="0"
         version="3.5.8.201501271104"/>

   <plugin
         id="org.acmestudio.armani"
         download-size="0"
         install-size="0"
         version="3.5.8.201501271104"
         unpack="false"/>

   <plugin
         id="org.acmestudio.basicmodel"
         download-size="0"
         install-size="0"
         version="3.5.8.201501271104"
         unpack="false"/>

   <plugin
         id="org.acmestudio.ui.bugs"
         download-size="0"
         install-size="0"
         version="3.5.8.201501271104"
         unpack="false"/>

   <plugin
         id="org.acmestudio.ui.analysis"
         download-size="0"
         install-size="0"
         version="3.5.8.201501271104"
         unpack="false"/>

</feature>
